{
  "HomeFixed": {
    "brier_score": 0.6338258706849567,
    "brier_home": 0.24948619117953041,
    "brier_draw": 0.17599037386148425,
    "brier_away": 0.20834930564394197,
    "log_loss": 1.0508725469133384,
    "accuracy": 0.47662673244068593,
    "ece": 0.0057009486868190296,
    "n_samples": 4257
  },
  "Frequency": {
    "brier_score": 0.6305134087833426,
    "brier_home": 0.2471458190830901,
    "brier_draw": 0.17602777113055948,
    "brier_away": 0.2073398185696929,
    "log_loss": 1.0467790622396245,
    "accuracy": 0.47662673244068593,
    "ece": 0.007058362540817587,
    "n_samples": 4257
  },
  "EloLogistic": {
    "brier_score": 0.5244923655411607,
    "brier_home": 0.1897461393647031,
    "brier_draw": 0.17348054664724466,
    "brier_away": 0.16126567952921292,
    "log_loss": 0.8960670697965425,
    "accuracy": 0.5987784824994127,
    "ece": 0.03673073589431746,
    "n_samples": 4257
  },
  "EloPoisson": {
    "brier_score": 0.5204363053808821,
    "brier_home": 0.18929987336849988,
    "brier_draw": 0.17167527355924003,
    "brier_away": 0.15946115845314232,
    "log_loss": 0.8860642283236861,
    "accuracy": 0.599483204134367,
    "ece": 0.03507460913419191,
    "n_samples": 4257
  }
}