{
  "EloPoisson": {
    "H": {
      "bin_centers": [
        0.05,
        0.15000000000000002,
        0.25,
        0.35000000000000003,
        0.45,
        0.55,
        0.6500000000000001,
        0.75,
        0.8500000000000001,
        0.95
      ],
      "actual_frequencies": [
        0.03571428571428571,
        0.10474308300395258,
        0.1931216931216931,
        0.3252279635258359,
        0.45307443365695793,
        0.5723158828748891,
        0.718785151856018,
        0.8219633943427621,
        0.9002493765586035,
        1.0
      ],
      "counts": [
        308,
        506,
        756,
        987,
        1236,
        1127,
        889,
        601,
        401,
        57
      ]
    },
    "D": {
      "bin_centers": [
        0.05,
        0.15000000000000002,
        0.25
      ],
      "actual_frequencies": [
        0.02564102564102564,
        0.10045248868778281,
        0.2557562876372653
      ],
      "counts": [
        117,
        1105,
        5646
      ]
    },
    "A": {
      "bin_centers": [
        0.05,
        0.15000000000000002,
        0.25,
        0.35000000000000003,
        0.45,
        0.55,
        0.6500000000000001,
        0.75,
        0.8500000000000001,
        0.95
      ],
      "actual_frequencies": [
        0.03489439853076217,
        0.11511789181692095,
        0.21964167219641673,
        0.36934441366574333,
        0.4739010989010989,
        0.6291666666666667,
        0.7194244604316546,
        0.8775510204081632,
        0.9821428571428571,
        1.0
      ],
      "counts": [
        1089,
        1442,
        1507,
        1083,
        728,
        480,
        278,
        147,
        112,
        2
      ]
    }
  },
  "LR_full": {
    "H": {
      "bin_centers": [
        0.05,
        0.15000000000000002,
        0.25,
        0.35000000000000003,
        0.45,
        0.55,
        0.6500000000000001,
        0.75,
        0.8500000000000001,
        0.95
      ],
      "actual_frequencies": [
        0.06517690875232775,
        0.14108527131782947,
        0.23615160349854228,
        0.3413597733711048,
        0.4544378698224852,
        0.5028506271379704,
        0.6050420168067226,
        0.7592592592592593,
        0.8593508500772797,
        0.9517543859649122
      ],
      "counts": [
        537,
        645,
        686,
        706,
        845,
        877,
        833,
        864,
        647,
        228
      ]
    },
    "D": {
      "bin_centers": [
        0.05,
        0.15000000000000002,
        0.25,
        0.35000000000000003
      ],
      "actual_frequencies": [
        0.04040404040404041,
        0.14606095457159288,
        0.2709705753184014,
        0.3016759776536313
      ],
      "counts": [
        396,
        1739,
        4554,
        179
      ]
    },
    "A": {
      "bin_centers": [
        0.05,
        0.15000000000000002,
        0.25,
        0.35000000000000003,
        0.45,
        0.55,
        0.6500000000000001,
        0.75,
        0.8500000000000001,
        0.95
      ],
      "actual_frequencies": [
        0.046460176991150445,
        0.17619783616692428,
        0.24118207816968543,
        0.35549525101763907,
        0.45751633986928103,
        0.49385245901639346,
        0.6821705426356589,
        0.7555555555555555,
        0.9209039548022598,
        0.9565217391304348
      ],
      "counts": [
        1808,
        1294,
        1049,
        737,
        612,
        488,
        387,
        270,
        177,
        46
      ]
    }
  }
}