{
  "val/year/2019": {
    "n_samples": 1149,
    "EloPoisson": {
      "brier_score": 0.5000122057800706,
      "brier_home": 0.1878487563079674,
      "brier_draw": 0.16250858800391552,
      "brier_away": 0.1496548614681876,
      "log_loss": 0.8570465808088997,
      "accuracy": 0.6214099216710183,
      "n_samples": 1149,
      "home_win_accuracy": 0.8692579505300353,
      "draw_accuracy": 0.0,
      "away_win_accuracy": 0.6529411764705882,
      "ece": 0.04431796092671078
    },
    "LR_full": {
      "brier_score": 0.4909745694620981,
      "brier_home": 0.18487228287061674,
      "brier_draw": 0.16043719690233132,
      "brier_away": 0.14566508968915004,
      "log_loss": 0.8408993552565814,
      "accuracy": 0.61792863359443,
      "n_samples": 1149,
      "home_win_accuracy": 0.8551236749116607,
      "draw_accuracy": 0.0,
      "away_win_accuracy": 0.6647058823529411,
      "ece": 0.040343969358772484
    }
  },
  "val/year/2020": {
    "n_samples": 347,
    "EloPoisson": {
      "brier_score": 0.5826253121590408,
      "brier_home": 0.20454327515901677,
      "brier_draw": 0.19573794733890526,
      "brier_away": 0.18234408966111865,
      "log_loss": 0.974739250491913,
      "accuracy": 0.5244956772334294,
      "n_samples": 347,
      "home_win_accuracy": 0.912751677852349,
      "draw_accuracy": 0.0,
      "away_win_accuracy": 0.4423076923076923,
      "ece": 0.06173939066915073
    },
    "LR_full": {
      "brier_score": 0.5801237830137437,
      "brier_home": 0.2030810000507933,
      "brier_draw": 0.1952594291328589,
      "brier_away": 0.1817833538300915,
      "log_loss": 0.9730358383980853,
      "accuracy": 0.5273775216138329,
      "n_samples": 347,
      "home_win_accuracy": 0.912751677852349,
      "draw_accuracy": 0.0,
      "away_win_accuracy": 0.4519230769230769,
      "ece": 0.07711559347284616
    }
  },
  "val/year/2021": {
    "n_samples": 1115,
    "EloPoisson": {
      "brier_score": 0.48012697160444656,
      "brier_home": 0.17268166907032467,
      "brier_draw": 0.1691064761856199,
      "brier_away": 0.13833882634850203,
      "log_loss": 0.824412672617515,
      "accuracy": 0.6439461883408072,
      "n_samples": 1115,
      "home_win_accuracy": 0.9171270718232044,
      "draw_accuracy": 0.0,
      "away_win_accuracy": 0.6853582554517134,
      "ece": 0.06956796558867072
    },
    "LR_full": {
      "brier_score": 0.4656738949873185,
      "brier_home": 0.16661916757556583,
      "brier_draw": 0.16732243420046775,
      "brier_away": 0.13173229321128493,
      "log_loss": 0.7983092109595018,
      "accuracy": 0.6448430493273543,
      "n_samples": 1115,
      "home_win_accuracy": 0.9134438305709024,
      "draw_accuracy": 0.0,
      "away_win_accuracy": 0.6947040498442367,
      "ece": 0.04311023692908934
    }
  },
  "val/year/2022": {
    "n_samples": 970,
    "EloPoisson": {
      "brier_score": 0.5430539033170005,
      "brier_home": 0.20417144128749903,
      "brier_draw": 0.17243507951850484,
      "brier_away": 0.16644738251099667,
      "log_loss": 0.9229810399005903,
      "accuracy": 0.5814432989690722,
      "n_samples": 970,
      "home_win_accuracy": 0.865424430641822,
      "draw_accuracy": 0.0,
      "away_win_accuracy": 0.5468164794007491,
      "ece": 0.05538656122283866
    },
    "LR_full": {
      "brier_score": 0.5399100022157256,
      "brier_home": 0.20227366300379276,
      "brier_draw": 0.17254991740767076,
      "brier_away": 0.16508642180426206,
      "log_loss": 0.9186993313200288,
      "accuracy": 0.5865979381443299,
      "n_samples": 970,
      "home_win_accuracy": 0.855072463768116,
      "draw_accuracy": 0.0,
      "away_win_accuracy": 0.5842696629213483,
      "ece": 0.033034310533095405
    }
  },
  "val/year/2023": {
    "n_samples": 1054,
    "EloPoisson": {
      "brier_score": 0.5156219568442793,
      "brier_home": 0.18621503260026034,
      "brier_draw": 0.1641781679883103,
      "brier_away": 0.16522875625570863,
      "log_loss": 0.8777777220843452,
      "accuracy": 0.6081593927893738,
      "n_samples": 1054,
      "home_win_accuracy": 0.8821138211382114,
      "draw_accuracy": 0.0,
      "away_win_accuracy": 0.6142433234421365,
      "ece": 0.04217428135840455
    },
    "LR_full": {
      "brier_score": 0.5025315698862685,
      "brier_home": 0.1810352117301545,
      "brier_draw": 0.16125088216274097,
      "brier_away": 0.16024547599337288,
      "log_loss": 0.8585837795096086,
      "accuracy": 0.6157495256166983,
      "n_samples": 1054,
      "home_win_accuracy": 0.8719512195121951,
      "draw_accuracy": 0.0,
      "away_win_accuracy": 0.6528189910979229,
      "ece": 0.027602547560267605
    }
  },
  "val/year/2024": {
    "n_samples": 1231,
    "EloPoisson": {
      "brier_score": 0.5337196363767075,
      "brier_home": 0.18989587434170654,
      "brier_draw": 0.18322796147427475,
      "brier_away": 0.16059580056072628,
      "log_loss": 0.9056126752728529,
      "accuracy": 0.5857026807473599,
      "n_samples": 1231,
      "home_win_accuracy": 0.8820422535211268,
      "draw_accuracy": 0.0,
      "away_win_accuracy": 0.6179775280898876,
      "ece": 0.034993687675723445
    },
    "LR_full": {
      "brier_score": 0.5316459434330849,
      "brier_home": 0.1882102628490956,
      "brier_draw": 0.18315073649842764,
      "brier_away": 0.16028494408556165,
      "log_loss": 0.9009325668281445,
      "accuracy": 0.5881397238017871,
      "n_samples": 1231,
      "home_win_accuracy": 0.8732394366197183,
      "draw_accuracy": 0.0,
      "away_win_accuracy": 0.6404494382022472,
      "ece": 0.03887707782724617
    }
  },
  "val/year/2025": {
    "n_samples": 1002,
    "EloPoisson": {
      "brier_score": 0.48728607873785196,
      "brier_home": 0.1774159652749649,
      "brier_draw": 0.16463293690042288,
      "brier_away": 0.14523717656246415,
      "log_loss": 0.8350268352620528,
      "accuracy": 0.624750499001996,
      "n_samples": 1002,
      "home_win_accuracy": 0.8909465020576132,
      "draw_accuracy": 0.0,
      "away_win_accuracy": 0.6476510067114094,
      "ece": 0.0428902670185351
    },
    "LR_full": {
      "brier_score": 0.48369334603860725,
      "brier_home": 0.17596534122661867,
      "brier_draw": 0.16381556766505842,
      "brier_away": 0.14391243714693017,
      "log_loss": 0.82563059256512,
      "accuracy": 0.6197604790419161,
      "n_samples": 1002,
      "home_win_accuracy": 0.8703703703703703,
      "draw_accuracy": 0.0045871559633027525,
      "away_win_accuracy": 0.6610738255033557,
      "ece": 0.038356522285321486
    }
  },
  "val/tournament/continental": {
    "n_samples": 628,
    "EloPoisson": {
      "brier_score": 0.5527844235814404,
      "brier_home": 0.1986039578445512,
      "brier_draw": 0.1941352442500434,
      "brier_away": 0.1600452214868458,
      "log_loss": 0.9318133121773446,
      "accuracy": 0.5796178343949044,
      "n_samples": 628,
      "home_win_accuracy": 0.9178571428571428,
      "draw_accuracy": 0.0,
      "away_win_accuracy": 0.5911602209944752,
      "ece": 0.06979004029206272
    },
    "LR_full": {
      "brier_score": 0.5453403677826635,
      "brier_home": 0.19462524413815357,
      "brier_draw": 0.19458435787991643,
      "brier_away": 0.15613076576459356,
      "log_loss": 0.9174826035608576,
      "accuracy": 0.5780254777070064,
      "n_samples": 628,
      "home_win_accuracy": 0.8892857142857142,
      "draw_accuracy": 0.0,
      "away_win_accuracy": 0.6298342541436464,
      "ece": 0.036944619183248914
    }
  },
  "val/tournament/friendly": {
    "n_samples": 1633,
    "EloPoisson": {
      "brier_score": 0.5464338439332362,
      "brier_home": 0.2080925495521575,
      "brier_draw": 0.18403623991183776,
      "brier_away": 0.15430505446924092,
      "log_loss": 0.9241985307402019,
      "accuracy": 0.5731781996325781,
      "n_samples": 1633,
      "home_win_accuracy": 0.9131985731272295,
      "draw_accuracy": 0.0,
      "away_win_accuracy": 0.4397905759162304,