{
  "raw": {
    "brier_score": 0.5087061503622641,
    "brier_draw": 0.17077845261114952,
    "log_loss": 0.866982923996187,
    "accuracy": 0.6070180547466512,
    "draw_accuracy": 0.03401797175866496,
    "ece": 0.016362166681573576
  },
  "calibrated_isotonic": {
    "brier_score": 0.5416943925259633,
    "brier_draw": 0.1831036048898739,
    "log_loss": 1.3241054583263094,
    "accuracy": 0.5947874199184624,
    "draw_accuracy": 0.168806161745828,
    "ece": 0.09161453146543104
  },
  "brier_skill_score_vs_elo": {
    "raw": 0.01600619025240624,
    "calibrated": -0.04780319373168518
  },
  "reliability_raw": {
    "H": {
      "bin_centers": [
        0.05,
        0.15000000000000002,
        0.25,
        0.35000000000000003,
        0.45,
        0.55,
        0.6500000000000001,
        0.75,
        0.8500000000000001,
        0.95
      ],
      "actual_frequencies": [
        0.05675146771037182,
        0.13793103448275862,
        0.2586427656850192,
        0.3426829268292683,
        0.4675324675324675,
        0.5257452574525745,
        0.6373902132998746,
        0.7340025094102886,
        0.8065068493150684,
        0.9205955334987593
      ],
      "counts": [
        511,
        667,
        781,
        820,
        770,
        738,
        797,
        797,
        584,
        403
      ]
    },
    "D": {
      "bin_centers": [
        0.05,
        0.15000000000000002,
        0.25,
        0.35000000000000003,
        0.45,
        0.55
      ],
      "actual_frequencies": [
        0.06916764361078546,
        0.18444313494401884,
        0.26162387231089523,
        0.304253785147801,
        0.20833333333333334,
        0.0
      ],
      "counts": [
        853,
        1697,
        2882,
        1387,
        48,
        1
      ]
    },
    "A": {
      "bin_centers": [
        0.05,
        0.15000000000000002,
        0.25,
        0.35000000000000003,
        0.45,
        0.55,
        0.6500000000000001,
        0.75,
        0.8500000000000001,
        0.95
      ],
      "actual_frequencies": [
        0.051047823750671684,
        0.1710843373493976,
        0.2404040404040404,
        0.3564356435643564,
        0.446676970633694,
        0.5300207039337475,
        0.6574923547400612,
        0.7511520737327189,
        0.8766233766233766,
        0.9632352941176471
      ],
      "counts": [
        1861,
        1245,
        990,
        808,
        647,
        483,
        327,
        217,
        154,
        136
      ]
    }
  },
  "reliability_calibrated": {
    "H": {
      "bin_centers": [
        0.05,
        0.15000000000000002,
        0.25,
        0.35000000000000003,
        0.45,
        0.55,
        0.6500000000000001,
        0.75,
        0.8500000000000001,
        0.95
      ],
      "actual_frequencies": [
        0.12931034482758622,
        0.26953748006379585,
        0.28790786948176583,
        0.39215686274509803,
        0.4598290598290598,
        0.5086848635235732,
        0.5421686746987951,
        0.6174757281553398,
        0.6793650793650794,
        0.8239387613082811
      ],
      "counts": [
        696,
        627,
        521,
        561,
        585,
        403,
        415,
        515,
        630,
        1437
      ]
    },
    "D": {
      "bin_centers": [
        0.05,
        0.15000000000000002,
        0.25,
        0.35000000000000003,
        0.45,
        0.55,
        0.6500000000000001,
        0.75
      ],
      "actual_frequencies": [
        0.17624521072796934,
        0.24122236671001301,
        0.28224455611390287,
        0.2821997105643994,
        0.31684981684981683,
        0.31543624161073824,
        0.2875,
        0.0
      ],
      "counts": [
        1827,
        1538,
        1194,
        691,
        546,
        298,
        80,
        4
      ]
    },
    "A": {
      "bin_centers": [
        0.05,
        0.15000000000000002,
        0.25,
        0.35000000000000003,
        0.45,
        0.55,
        0.6500000000000001,
        0.75,
        0.8500000000000001,
        0.95
      ],
      "actual_frequencies": [
        0.08707865168539326,
        0.19109461966604824,
        0.28492849284928495,
        0.3599320882852292,
        0.3914285714285714,
        0.495114006514658,
        0.4984025559105431,
        0.5801526717557252,
        0.6504424778761062,
        0.8380952380952381
      ],
      "counts": [
        1780,
        1078,
        909,
        589,
        350,
        307,
        313,
        262,
        226,
        525
      ]
    }
  }
}