{
  "multiclass_ece": 0.03483950465163188,
  "brier_total": 0.6208037687322954,
  "brier_home": 0.22502932281164315,
  "brier_draw": 0.20049333298393768,
  "brier_away": 0.19528111293671468,
  "calibration_per_class": {
    "home_win": {
      "ece": 0.024450244945212495,
      "mce": 0.07887016799052521,
      "brier": 0.22502932281164315,
      "reliability": 0.0011349567347503826,
      "resolution": 0.020841363377582123,
      "uncertainty": 0.2451939460564736
    },
    "draw": {
      "ece": 0.0519108336996678,
      "mce": 0.8343622663938528,
      "brier": 0.20049333298393768,
      "reliability": 0.004956318364293291,
      "resolution": 0.0009038273114259379,
      "uncertainty": 0.19647285638210252
    },
    "away_win": {
      "ece": 0.028157435310015362,
      "mce": 0.3478577956172557,
      "brier": 0.19528111293671468,
      "reliability": 0.0013938987708645937,
      "resolution": 0.01602591460687738,
      "uncertainty": 0.21027354984550384
    }
  },
  "reliability_data": {
    "H": {
      "bin_centers": [
        0.05,
        0.15000000000000002,
        0.25,
        0.35000000000000003,
        0.45,
        0.55,
        0.6500000000000001,
        0.75,
        0.8500000000000001,
        0.95
      ],
      "actual_frequencies": [
        0.14545454545454545,
        0.2360050890585242,
        0.27575871112776323,
        0.3694130317716747,
        0.4565537555228277,
        0.5399698340874811,
        0.6139288417865254,
        0.7042944785276074,
        0.7665903890160183,
        0.8607594936708861
      ],
      "counts": [
        330,
        1572,
        2669,
        3714,
        4074,
        2652,
        1321,
        815,
        437,
        79
      ]
    },
    "D": {
      "bin_centers": [
        0.05,
        0.15000000000000002,
        0.25,
        0.35000000000000003,
        0.45,
        0.55,
        0.6500000000000001,
        0.75,
        0.8500000000000001
      ],
      "actual_frequencies": [
        0.1595744680851064,
        0.23155216284987276,
        0.2725953291991028,
        0.286875,
        0.31784232365145226,
        0.2787456445993031,
        0.2714285714285714,
        0.16666666666666666,
        0.0
      ],
      "counts": [
        564,
        3144,
        7579,
        4800,
        1205,
        287,
        70,
        12,
        2
      ]
    },
    "A": {
      "bin_centers": [
        0.05,
        0.15000000000000002,
        0.25,
        0.35000000000000003,
        0.45,
        0.55,
        0.6500000000000001,
        0.75,
        0.8500000000000001,
        0.95
      ],
      "actual_frequencies": [
        0.11577424023154848,
        0.1893697356956143,
        0.25368401417645964,
        0.32369190770230744,
        0.4239239239239239,
        0.49586776859504134,
        0.5346687211093991,
        0.6598639455782312,
        0.7520661157024794,
        0.5714285714285714
      ],
      "counts": [
        1382,
        3443,
        5361,
        3077,
        1998,
        1331,
        649,
        294,
        121,
        7
      ]
    }
  }
}