{
  "elo_poisson_baseline": {
    "brier_score": 0.6824420292258876,
    "brier_home": 0.26272436240099867,
    "brier_draw": 0.19698568703300096,
    "brier_away": 0.22273197979188794,
    "log_loss": 1.12724307549496,
    "accuracy": 0.4053105361490121,
    "draw_accuracy": 0.0,
    "home_win_accuracy": 0.8177993952938083,
    "away_win_accuracy": 0.1766145735266428,
    "ece": 0.10158941099649108,
    "n_samples": 17663
  },
  "odds_only": {
    "brier_score": 0.6128528582383604,
    "brier_home": 0.22198810501895658,
    "brier_draw": 0.19834174586866374,
    "brier_away": 0.1925230073507401,
    "log_loss": 1.0245248178672275,
    "accuracy": 0.48870520296665343,
    "draw_accuracy": 0.1076923076923077,
    "home_win_accuracy": 0.7481267253845143,
    "away_win_accuracy": 0.45754095273959705,
    "ece": 0.012523343667197357,
    "n_samples": 17663,
    "brier_improvement_vs_baseline": 0.10197081657831658
  },
  "elo_plus_odds": {
    "brier_score": 0.6129137669229959,
    "brier_home": 0.2223156121504755,
    "brier_draw": 0.1981369255012085,
    "brier_away": 0.19246122927131196,
    "log_loss": 1.024340117272241,
    "accuracy": 0.48893166506256014,
    "draw_accuracy": 0.10073761854583772,
    "home_win_accuracy": 0.752464835020376,
    "away_win_accuracy": 0.4582941065712672,
    "ece": 0.014707391232716346,
    "n_samples": 17663,
    "brier_improvement_vs_baseline": 0.10188156550346034
  },
  "full_model": {
    "brier_score": 0.610728786546473,
    "brier_home": 0.2221185441786539,
    "brier_draw": 0.1973532088255781,
    "brier_away": 0.1912570335422409,
    "log_loss": 1.020808652792667,
    "accuracy": 0.4914793636415105,
    "draw_accuracy": 0.08914646996838778,
    "home_win_accuracy": 0.7581175233337716,
    "away_win_accuracy": 0.4690265486725664,
    "ece": 0.013104493567999307,
    "n_samples": 17663,
    "brier_improvement_vs_baseline": 0.10508327390204976
  },
  "odds_calibrated_elo": {
    "brier_score": 0.6019976921229162,
    "brier_home": 0.21918121089691694,
    "brier_draw": 0.19392805512942993,
    "brier_away": 0.18888842609656936,
    "log_loss": 1.0065194002260898,
    "accuracy": 0.500084923285965,
    "draw_accuracy": 0.00042149631190727084,
    "home_win_accuracy": 0.8444853424477455,
    "away_win_accuracy": 0.45321031820749386,
    "ece": 0.020691313737503925,
    "n_samples": 17663,
    "brier_improvement_vs_baseline": 0.11787717294349759
  },
  "draw_enhanced": {
    "brier_score": 0.6136155035954813,
    "brier_home": 0.22283389597384387,
    "brier_draw": 0.1993438937301291,
    "brier_away": 0.19143771389150832,
    "log_loss": 1.0246349755338453,
    "accuracy": 0.4836664213327294,
    "draw_accuracy": 0.21159114857744996,
    "home_win_accuracy": 0.6943604574733798,
    "away_win_accuracy": 0.4249670495198644,
    "ece": 0.03165717969063211,
    "n_samples": 17663,
    "brier_improvement_vs_baseline": 0.10085329256241449
  }
}