{
  "deep_mining_models": {
    "HomeFixed": {
      "brier_score": 0.6329429844294262,
      "brier_home": 0.24955580797889226,
      "brier_draw": 0.17545456866572237,
      "brier_away": 0.20793260778481143,
      "log_loss": 1.0496333576856756,
      "accuracy": 0.47859638905066976,
      "n_samples": 6868,
      "home_win_accuracy": 1.0,
      "draw_accuracy": 0.0,
      "away_win_accuracy": 0.0,
      "ece": 0.0037312920768352575
    },
    "Frequency": {
      "brier_score": 0.6290489869561152,
      "brier_home": 0.24711409349945193,
      "brier_draw": 0.17548215001765854,
      "brier_away": 0.20645274343900452,
      "log_loss": 1.044634074107075,
      "accuracy": 0.47859638905066976,
      "n_samples": 6868,
      "home_win_accuracy": 1.0,
      "draw_accuracy": 0.0,
      "away_win_accuracy": 0.0,
      "ece": 0.009127922493185213
    },
    "EloLogistic": {
      "brier_score": 0.5169810473632485,
      "brier_home": 0.1874498500801382,
      "brier_draw": 0.17242826597463537,
      "brier_away": 0.15710293130847494,
      "log_loss": 0.8852529265871624,
      "accuracy": 0.6058532323820618,
      "n_samples": 6868,
      "home_win_accuracy": 0.8421052631578947,
      "draw_accuracy": 0.0,
      "away_win_accuracy": 0.6885813148788927,
      "ece": 0.039060780657363035
    },
    "EloPoisson": {
      "brier_score": 0.5136173461132588,
      "brier_home": 0.18712934761519356,
      "brier_draw": 0.17094041872914234,
      "brier_away": 0.15554757976892286,
      "log_loss": 0.8756809247543069,
      "accuracy": 0.6065812463599302,
      "n_samples": 6868,
      "home_win_accuracy": 0.8859142074840279,
      "draw_accuracy": 0.0,
      "away_win_accuracy": 0.6198714780029659,
      "ece": 0.038569306254766345
    },
    "LogisticRegression": {
      "brier_score": 0.5090957078651842,
      "brier_home": 0.1857904628685109,
      "brier_draw": 0.16992994042558904,
      "brier_away": 0.15337530457108423,
      "log_loss": 0.8667073797942464,
      "accuracy": 0.6062900407687828,
      "n_samples": 6868,
      "home_win_accuracy": 0.8624885914207484,
      "draw_accuracy": 0.011553273427471117,
      "away_win_accuracy": 0.648047454275828,
      "ece": 0.02266378709805496
    },
    "LightGBM": {
      "brier_score": 0.5087061503622641,
      "brier_home": 0.18540764900535842,
      "brier_draw": 0.17077845261114952,
      "brier_away": 0.1525200487457561,
      "log_loss": 0.866982923996187,
      "accuracy": 0.6070180547466512,
      "n_samples": 6868,
      "home_win_accuracy": 0.8564040158198966,
      "draw_accuracy": 0.03401797175866496,
      "away_win_accuracy": 0.6431043005437469,
      "ece": 0.016362166681573576
    }
  },
  "brier_comparison": {
    "deep_mining_lgb": 0.5087061503622641,
    "augmented_lgb": 0.508999744065778,
    "delta": -0.0002935937035138947,
    "improved": false
  },
  "deep_mining_world_cup": {
    "2010": {
      "n_test": 75,
      "n_train": 9757,
      "model_brier": 0.5411324537794762,
      "model_log_loss": 0.9142388348730308,
      "model_accuracy": 0.5733333333333334,
      "model_draw_accuracy": 0.0,
      "baseline_brier": 0.5725993267730286,
      "baseline_accuracy": 0.6,
      "brier_improvement": 0.03146687299355244
    },
    "2014": {
      "n_test": 64,
      "n_train": 13799,
      "model_brier": 0.5581767976872625,
      "model_log_loss": 0.9434564960102292,
      "model_accuracy": 0.59375,
      "model_draw_accuracy": 0.07692307692307693,
      "baseline_brier": 0.5795986451341157,
      "baseline_accuracy": 0.578125,
      "brier_improvement": 0.02142184744685327
    },
    "2018": {
      "n_test": 64,
      "n_train": 17577,
      "model_brier": 0.6003663548251112,
      "model_log_loss": 0.999586102990816,
      "model_accuracy": 0.5,
      "model_draw_accuracy": 0.0,
      "baseline_brier": 0.5902974305937286,
      "baseline_accuracy": 0.546875,
      "brier_improvement": -0.010068924231382614
    },
    "2022": {
      "n_test": 64,
      "n_train": 21638,
      "model_brier": 0.5971061223637424,
      "model_log_loss": 1.0278574004258174,
      "model_accuracy": 0.53125,
      "model_draw_accuracy": 0.0,
      "baseline_brier": 0.61028453453799,
      "baseline_accuracy": 0.5,
      "brier_improvement": 0.013178412174247645
    }
  },
  "deep_mining_ablation": {
    "elo": {
      "factors_removed": [
        "elo_diff"
      ],
      "brier_score": 0.5112143132181547,
      "brier_delta": 0.0025081628558906166,
      "log_loss": 0.8705202065399464,
      "accuracy": 0.6035235876528829,
      "draw_accuracy": 0.036585365853658534,
      "is_critical": true
    },
    "fifa_ranking": {
      "factors_removed": [
        "fifa_rank_diff_factor",
        "fifa_points_diff",
        "fifa_rank_trend_home",
        "fifa_rank_trend_away",
        "elo_fifa_disagreement"
      ],
      "brier_score": 0.5112254511697356,
      "brier_delta": 0.002519300807471536,
      "log_loss": 0.8721435448554576,
      "accuracy": 0.6070180547466512,
      "draw_accuracy": 0.03530166880616174,
      "is_critical": true
    },
    "draw_specific": {
      "factors_removed": [
        "draw_tendency_home",
        "draw_tendency_away",
        "draw_tendency_diff",
        "elo_closeness",
        "defensive_matchup",
        "tournament_draw_rate",
        "neutral_draw_rate",
        "low_scoring_matchup"
      ],
      "brier_score": 0.5093673461591005,
      "brier_delta": 0.0006611957968364335,
      "log_loss": 0.8680970302252861,
      "accuracy": 0.6030867792661619,
      "draw_accuracy": 0.02374839537869063,
      "is_critical": false
    },
    "form_basic": {
      "factors_removed": [
        "recent_form_5",
        "recent_form_10",
        "recent_form_5_opp_adjusted"
      ],
      "brier_score": 0.5090120873819362,
      "brier_delta": 0.00030593701967207565,
      "log_loss": 0.8677833442170917,
      "accuracy": 0.6062900407687828,
      "draw_accuracy": 0.030166880616174584,
      "is_critical": false
    },
    "form_enhanced": {
      "factors_removed": [
        "form_volatility_home",
        "form_volatility_away",
        "win_streak_home",
        "win_streak_away",
        "unbeaten_streak_home",
        "goal_form_trend_home",
        "clean_sheet_rate_home",
        "comeback_rate_home"
      ],
      "brier_score": 0.5084250237268318,
      "brier_delta": -0.00028112663543222727,
      "log_loss": 0.8665436816026063,
      "accuracy": 0.6036691904484566,
      "draw_accuracy": 0.028883183568677792,
      "is_critical": false
    },
    "attack_defense": {
      "factors_removed": [
        "recent_goals_scored_5",
        "recent_goals_conceded_5",
        "recent_goal_diff_5",
        "attack_strength",
        "defense_strength"
      ],
      "brier_score": 0.5093422755078253,
      "brier_delta": 0.0006361251455612171,
      "log_loss": 0.8683696262726428,
      "accuracy": 0.6039603960396039,
      "draw_accuracy": 0.03465982028241335,
      "is_critical": false
    },
    "venue": {
      "factors_removed": [
        "home_away_neutral_form",
        "host_advantage"
      ],
      "brier_score": 0.5111507207251218,
      "brier_delta": 0.002444570362857723,
      "log_loss": 0.8711392279065248,
      "accuracy": 0.6042516016307513,
      "draw_accuracy": 0.03209242618741977,
      "is_critical": true
    },
    "fatigue": {
      "factors_removed": [
        "rest_days",
        "match_density_30d",
        "match_density_90d"
      ],
      "brier_score": 0.508873637666699,
      "brier_delta": 0.00016748730443494342,
      "log_loss": 0.8676472330731937,
      "accuracy": 0.6043972044263249,
      "draw_accuracy": 0.025673940949935817,
      "is_critical": false
    },
    "experience": {
      "factors_removed": [
        "tournament_experience",
        "knockout_experience"
      ],
      "brier_score": 0.509413893174772,
      "brier_delta": 0.000707742812507961,
      "log_loss": 0.8688735056692951,
      "accuracy": 0.6059988351776354,