{
  "stacking_ensemble": {
    "brier_score": 1.0138541415573548,
    "accuracy": 0.16365754222481071,
    "draw_accuracy": 0.0012836970474967907,
    "log_loss": 1.6857672257278877,
    "ece": 0.4329962892702968
  },
  "calibrated_isotonic": {
    "brier_score": 1.0201265471797982,
    "accuracy": 0.16555037856726848,
    "draw_accuracy": 0.006418485237483954,
    "log_loss": 1.9376959500813435
  },
  "calibrated_platt": {
    "brier_score": 0.9780463021132392,
    "accuracy": 0.16394874781595806,
    "draw_accuracy": 0.028883183568677792,
    "log_loss": 1.5979864956172773
  },
  "feature_selected_lgb": {
    "brier_score": 1.0741089290336212,
    "accuracy": 0.16831683168316833,
    "draw_accuracy": 0.057766367137355584,
    "log_loss": 1.9958988536124687,
    "n_features": 24,
    "selected_features": [
      "elo_diff",
      "recent_form_5",
      "recent_form_10",
      "recent_form_5_opp_adjusted",
      "recent_goals_scored_5",
      "recent_goals_conceded_5",
      "recent_goal_diff_5",
      "attack_strength",
      "defense_strength",
      "official_vs_friendly",
      "home_away_neutral_form",
      "rest_days",
      "match_density_30d",
      "match_density_90d",
      "tournament_experience",
      "knockout_experience",
      "host_advantage",
      "draw_tendency_home",
      "draw_tendency_away",
      "draw_tendency_diff",
      "tournament_draw_rate",
      "fifa_rank_diff_factor",
      "fifa_points_diff",
      "must_win_situation"
    ]
  },
  "time_weighted_lgb": {
    "brier_score": 1.115503453054778,
    "accuracy": 0.1707920792079208,
    "draw_accuracy": 0.1116816431322208,
    "log_loss": 2.1106330482910254
  },
  "wc_specialized": {
    "brier_score": 1.0454133324163375,
    "accuracy": 0.234375,
    "draw_accuracy": 0.0,
    "log_loss": 1.9307297164558133,
    "n_train_wc": 380,
    "n_test_wc": 64
  },
  "standard_lgb": {
    "brier_score": 1.0614763000418523,
    "accuracy": 0.16365754222481071,
    "draw_accuracy": 0.029525032092426188,
    "log_loss": 1.8918122080217967
  },
  "standard_lr": {
    "brier_score": 1.072651342051184,
    "accuracy": 0.16700640652300525,
    "draw_accuracy": 0.013478818998716302,
    "log_loss": 1.9790330346000913
  }
}