{
  "multiclass_ece": 0.3133362552891629,
  "brier_total": 1.0797019054285866,
  "brier_home": 0.464607307385815,
  "brier_draw": 0.17247042618104014,
  "brier_away": 0.44262417186173125,
  "calibration_per_class": {
    "home_win": {
      "ece": 0.45192126030370117,
      "mce": 0.9123216548459985,
      "brier": 0.464607307385815,
      "reliability": 0.2718477842226406,
      "resolution": 0.05963205225063942,
      "uncertainty": 0.24954188543832972
    },
    "draw": {
      "ece": 0.033642808767042676,
      "mce": 0.6943015443418319,
      "brier": 0.17247042618104014,
      "reliability": 0.0017145591508829095,
      "resolution": 0.004642203685202532,
      "uncertainty": 0.17538861615100493
    },
    "away_win": {
      "ece": 0.45444469679674493,
      "mce": 0.9328019082973503,
      "brier": 0.44262417186173125,
      "reliability": 0.28494873554234756,
      "resolution": 0.052268461680022076,
      "uncertainty": 0.20779212822272325
    }
  },
  "reliability_data": {
    "H": {
      "bin_centers": [
        0.05,
        0.15000000000000002,
        0.25,
        0.35000000000000003,
        0.45,
        0.55,
        0.6500000000000001,
        0.75,
        0.8500000000000001,
        0.95
      ],
      "actual_frequencies": [
        0.7877237851662404,
        0.5633223684210527,
        0.47368421052631576,
        0.3794940079893475,
        0.24920127795527156,
        0.22033898305084745,
        0.1414790996784566,
        0.08627450980392157,
        0.06282722513089005,
        0.03910614525139665
      ],
      "counts": [
        1955,
        1216,
        912,
        751,
        626,
        472,
        311,
        255,
        191,
        179
      ]
    },
    "D": {
      "bin_centers": [
        0.05,
        0.15000000000000002,
        0.25,
        0.35000000000000003,
        0.45,
        0.55,
        0.6500000000000001
      ],
      "actual_frequencies": [
        0.09523809523809523,
        0.18863503222026948,
        0.2644,
        0.2920863309352518,
        0.31840796019900497,
        0.2631578947368421,
        0.0
      ],
      "counts": [
        1050,
        1707,
        2500,
        1390,
        201,
        19,
        1
      ]
    },
    "A": {
      "bin_centers": [
        0.05,
        0.15000000000000002,
        0.25,
        0.35000000000000003,
        0.45,
        0.55,
        0.6500000000000001,
        0.75,
        0.8500000000000001,
        0.95
      ],
      "actual_frequencies": [
        0.8055964653902798,
        0.5419254658385093,
        0.4388888888888889,
        0.33249370277078083,
        0.24755244755244754,
        0.20910384068278806,
        0.14174252275682706,
        0.09026798307475317,
        0.06487341772151899,
        0.017892644135188866
      ],
      "counts": [
        679,
        644,
        720,
        794,
        715,
        703,
        769,
        709,
        632,
        503
      ]
    }
  }
}