{
  "fifa_points_diff": {
    "composite_score": 0.9140636381436182,
    "decision": "ACCEPTED_SHADOW",
    "reason": "综合得分=0.914, 方向稳定性=100.0%",
    "ic_abs": 0.4612178271343485,
    "icir": 7.959190305190972,
    "shap": 514.0,
    "direction_stability": 1.0,
    "brier_improvement": 0.01319101483164079,
    "mi": 0.11667152138564267
  },
  "fifa_rank_diff_factor": {
    "composite_score": 0.8622710678676428,
    "decision": "ACCEPTED_SHADOW",
    "reason": "综合得分=0.862, 方向稳定性=100.0%",
    "ic_abs": 0.47218361631940436,
    "icir": 8.231554103982438,
    "shap": 803.0,
    "direction_stability": 1.0,
    "brier_improvement": 0.0010791189216143226,
    "mi": 0.12389022966798315
  },
  "elo_diff": {
    "composite_score": 0.72750295581174,
    "decision": "ACCEPTED_SHADOW",
    "reason": "综合得分=0.728, 方向稳定性=100.0%",
    "ic_abs": 0.4718988998007374,
    "icir": 5.8965141096780425,
    "shap": 541.0,
    "direction_stability": 1.0,
    "brier_improvement": 0.0,
    "mi": 0.12462183203297442
  },
  "defense_strength": {
    "composite_score": 0.7197738528935149,
    "decision": "ACCEPTED_SHADOW",
    "reason": "综合得分=0.720, 方向稳定性=100.0%",
    "ic_abs": 0.32922036233992863,
    "icir": 6.606858520882712,
    "shap": 474.0,
    "direction_stability": 1.0,
    "brier_improvement": 0.007262112134670577,
    "mi": 0.06027011881526996
  },
  "home_away_neutral_form": {
    "composite_score": 0.7044678583492561,
    "decision": "ACCEPTED_SHADOW",
    "reason": "综合得分=0.704, 方向稳定性=100.0%",
    "ic_abs": 0.33469799703505665,
    "icir": 6.360939157814584,
    "shap": 423.0,
    "direction_stability": 1.0,
    "brier_improvement": 0.007257641286803015,
    "mi": 0.059913748301647356
  },
  "knockout_experience": {
    "composite_score": 0.6177623069981183,
    "decision": "ACCEPTED_SHADOW",
    "reason": "综合得分=0.618, 方向稳定性=100.0%",
    "ic_abs": 0.40222187055489217,
    "icir": 5.4507118955089595,
    "shap": 323.0,
    "direction_stability": 1.0,
    "brier_improvement": -0.002333530679170905,
    "mi": 0.08878229465368752
  },
  "recent_goal_diff_5": {
    "composite_score": 0.6032531601685884,
    "decision": "ACCEPTED_SHADOW",
    "reason": "综合得分=0.603, 方向稳定性=100.0%",
    "ic_abs": 0.3250498251858209,
    "icir": 5.228102169849354,
    "shap": 317.0,
    "direction_stability": 1.0,
    "brier_improvement": 0.003650567360990745,
    "mi": 0.05680556472708143
  },
  "recent_form_10": {
    "composite_score": 0.5996075802534585,
    "decision": "ACCEPTED_SHADOW",
    "reason": "综合得分=0.600, 方向稳定性=100.0%",
    "ic_abs": 0.33518946217673606,
    "icir": 6.05173493007419,
    "shap": 251.0,
    "direction_stability": 1.0,
    "brier_improvement": 0.0024555349286145395,
    "mi": 0.0607120049265919
  },
  "tournament_experience": {
    "composite_score": 0.5943562316692095,
    "decision": "ACCEPTED_SHADOW",
    "reason": "综合得分=0.594, 方向稳定性=100.0%",
    "ic_abs": 0.39866123393930386,
    "icir": 5.260582938387698,
    "shap": 257.0,
    "direction_stability": 1.0,
    "brier_improvement": -0.0019765159443218485,
    "mi": 0.08659512929613
  },
  "h2h_last_5": {
    "composite_score": 0.5857334740219043,
    "decision": "ACCEPTED_SHADOW",
    "reason": "综合得分=0.586, 方向稳定性=100.0%",
    "ic_abs": 0.35571426565142567,
    "icir": 5.669970055634695,
    "shap": 292.0,
    "direction_stability": 1.0,
    "brier_improvement": -0.0017261661575470422,
    "mi": 0.06767926574112787
  },
  "recent_goals_conceded_5": {
    "composite_score": 0.5852488242273348,
    "decision": "ACCEPTED_SHADOW",
    "reason": "综合得分=0.585, 方向稳定性=100.0%",
    "ic_abs": 0.28512907356835165,
    "icir": 4.897604185994162,
    "shap": 380.0,
    "direction_stability": 1.0,
    "brier_improvement": 0.0036207246040470494,
    "mi": 0.04537476344029458
  },
  "recent_form_5_opp_adjusted": {
    "composite_score": 0.5567156637863427,
    "decision": "ACCEPTED_SHADOW",
    "reason": "综合得分=0.557, 方向稳定性=100.0%",
    "ic_abs": 0.29052724515287304,
    "icir": 4.825989701310841,
    "shap": 337.0,
    "direction_stability": 1.0,
    "brier_improvement": 0.001908972163979605,
    "mi": 0.044289152838879735
  },
  "attack_strength": {
    "composite_score": 0.5228631095268278,
    "decision": "ACCEPTED_SHADOW",
    "reason": "综合得分=0.523, 方向稳定性=100.0%",
    "ic_abs": 0.2796746596540489,
    "icir": 4.462601709763972,
    "shap": 343.0,
    "direction_stability": 1.0,
    "brier_improvement": 0.0001836803203311428,
    "mi": 0.041314869476180016
  },
  "recent_form_5": {
    "composite_score": 0.4894566063038058,
    "decision": "ACCEPTED_SHADOW",
    "reason": "综合得分=0.489, 方向稳定性=100.0%",
    "ic_abs": 0.2901868989090392,
    "icir": 4.792145551666389,
    "shap": 66.0,
    "direction_stability": 1.0,
    "brier_improvement": 0.002050962665696864,
    "mi": 0.044619582146893176
  },
  "recent_goals_scored_5": {
    "composite_score": 0.4577039540532375,
    "decision": "ACCEPTED_SHADOW",
    "reason": "综合得分=0.458, 方向稳定性=100.0%",
    "ic_abs": 0.24562235321964218,
    "icir": 3.667866190067067,
    "shap": 223.0,
    "direction_stability": 1.0,
    "brier_improvement": 0.0006988336346742258,
    "mi": 0.0312724935921992
  },
  "comeback_rate_home": {
    "composite_score": 0.4313424952501111,
    "decision": "ACCEPTED_SHADOW",
    "reason": "综合得分=0.431, 方向稳定性=96.2%",
    "ic_abs": 0.18635411478347208,
    "icir": 2.7526124492651785,
    "shap": 412.0,
    "direction_stability": 0.9615384615384616,
    "brier_improvement": -0.0021768362786617483,
    "mi": 0.019991297928694383
  },
  "scoring_consistency": {
    "composite_score": 0.4262261860601199,
    "decision": "ACCEPTED_SHADOW",
    "reason": "综合得分=0.426, 方向稳定性=100.0%",
    "ic_abs": 0.17941184198566199,
    "icir": 2.7547029185565233,
    "shap": 384.0,
    "direction_stability": 1.0,
    "brier_improvement": 4.312016562337972e-05,
    "mi": 0.017632583872033883
  },
  "clean_sheet_rate_home": {
    "composite_score": 0.3805262801564196,
    "decision": "NEEDS_MORE_DATA",
    "reason": "综合得分=0.381, 证据不足",
    "ic_abs": 0.16339368642173538,
    "icir": 3.6992148560120515,
    "shap": 125.0,
    "direction_stability": 1.0,
    "brier_improvement": 0.00060384011320919,
    "mi": 0.015553838794080885
  },
  "win_streak_away": {
    "composite_score": 0.3416711009414688,
    "decision": "NEEDS_MORE_DATA",
    "reason": "综合得分=0.342, 证据不足",
    "ic_abs": 0.12491718215554855,
    "icir": 3.8105737501207364,
    "shap": 58.0,
    "direction_stability": 1.0,
    "brier_improvement": 0.0005770805883795616,
    "mi": 0.005488142981460276
  },
  "unbeaten_streak_home": {
    "composite_score": 0.33745350439197463,
    "decision": "NEEDS_MORE_DATA",
    "reason": "综合得分=0.337, 证据不足",
    "ic_abs": 0.14420285004345298,
    "icir": 2.985140674167523,
    "shap": 83.0,
    "direction_stability": 1.0,
    "brier_improvement": 0.00034025401179291415,
    "mi": 0.00946713289948821
  },
  "tournament_draw_rate": {
    "composite_score": 0.3362468389822123,
    "decision": "NEEDS_MORE_DATA",
    "reason": "综合得分=0.336, 证据不足",
    "ic_abs": 0.06393659758304616,
    "icir": 1.5196137576741378,
    "shap": 463.0,
    "direction_stability": 0.9615384615384616,
    "brier_improvement": -0.0001806610443856504,
    "mi": 0.006290554412822502
  },
  "rest_days": {
    "composite_score": 0.33058926960783763,
    "decision": "NEEDS_MORE_DATA",
    "reason": "综合得分=0.331, 证据不足",
    "ic_abs": 0.07134421442186503,
    "icir": 2.17398976022416,
    "shap": 335.0,
    "direction_stability": 1.0,
    "brier_improvement": -2.456363830818228e-05,
    "mi": 0.003321354828928813
  },
  "host_advantage": {
    "composite_score": 0.3298328206535782,
    "decision": "NEEDS_MORE_DATA",
    "reason": "综合得分=0.330, 证据不足",
    "ic_abs": 0.09449839111156456,
    "icir": 2.772683066715666,
    "shap": 215.0,
    "direction_stability": 1.0,
    "brier_improvement": -0.010703923277838942,
    "mi": 0.0
  },
  "draw_tendency_diff": {
    "composite_score": 0.3214620516785032,
    "decision": "NEEDS_MORE_DATA",