{
  "multiclass_ece": 0.02686795674452298,
  "brier_total": 0.515575069669068,
  "brier_home": 0.18869002503259827,
  "brier_draw": 0.17247042618104014,
  "brier_away": 0.1544146184554295,
  "calibration_per_class": {
    "home_win": {
      "ece": 0.02833606268460112,
      "mce": 0.0775628556391349,
      "brier": 0.18869002503259827,
      "reliability": 0.0011092387655229623,
      "resolution": 0.06132932228796773,
      "uncertainty": 0.24954188543832972
    },
    "draw": {
      "ece": 0.033642808767042676,
      "mce": 0.6943015443418319,
      "brier": 0.17247042618104014,
      "reliability": 0.0017145591508829095,
      "resolution": 0.004642203685202532,
      "uncertainty": 0.17538861615100493
    },
    "away_win": {
      "ece": 0.018624998781925133,
      "mce": 0.04070968356271798,
      "brier": 0.1544146184554295,
      "reliability": 0.00042562616663328304,
      "resolution": 0.053449446592934824,
      "uncertainty": 0.20779212822272325
    }
  },
  "reliability_data": {
    "H": {
      "bin_centers": [
        0.05,
        0.15000000000000002,
        0.25,
        0.35000000000000003,
        0.45,
        0.55,
        0.6500000000000001,
        0.75,
        0.8500000000000001,
        0.95
      ],
      "actual_frequencies": [
        0.06774668630338733,
        0.17080745341614906,
        0.26944444444444443,
        0.3765743073047859,
        0.46293706293706294,
        0.5362731152204836,
        0.6228868660598179,
        0.7122708039492243,
        0.7705696202531646,
        0.9125248508946322
      ],
      "counts": [
        679,
        644,
        720,
        794,
        715,
        703,
        769,
        709,
        632,
        503
      ]
    },
    "D": {
      "bin_centers": [
        0.05,
        0.15000000000000002,
        0.25,
        0.35000000000000003,
        0.45,
        0.55,
        0.6500000000000001
      ],
      "actual_frequencies": [
        0.09523809523809523,
        0.18863503222026948,
        0.2644,
        0.2920863309352518,
        0.31840796019900497,
        0.2631578947368421,
        0.0
      ],
      "counts": [
        1050,
        1707,
        2500,
        1390,
        201,
        19,
        1
      ]
    },
    "A": {
      "bin_centers": [
        0.05,
        0.15000000000000002,
        0.25,
        0.35000000000000003,
        0.45,
        0.55,
        0.6500000000000001,
        0.75,
        0.8500000000000001,
        0.95
      ],
      "actual_frequencies": [
        0.06035805626598466,
        0.17105263157894737,
        0.2576754385964912,
        0.3288948069241012,
        0.43929712460063897,
        0.5148305084745762,
        0.6109324758842444,
        0.7215686274509804,
        0.806282722513089,
        0.9441340782122905
      ],
      "counts": [
        1955,
        1216,
        912,
        751,
        626,
        472,
        311,
        255,
        191,
        179
      ]
    }
  }
}