{
  "baseline_lgb": {
    "draw_hit_rate": 0.029525032092426188,
    "draw_precision": 0.2948717948717949,
    "draw_f1": 0.053675612602100346,
    "brier_score": 0.5095260458930138,
    "accuracy": 0.6068724519510774,
    "n_draw": 1558,
    "n_total": 6868,
    "draw_rate": 0.22684915550378568,
    "draw_prob_mean": 0.22006858404283214,
    "draw_prob_when_draw": 0.2485940298883142,
    "draw_prob_when_not_draw_": 0.2116989711186775,
    "approach": "baseline_lgb"
  },
  "baseline_elo_poisson": {
    "draw_hit_rate": 0.0,
    "draw_precision": 0.0,
    "draw_f1": 0.0,
    "brier_score": 0.5136173461132588,
    "accuracy": 0.6065812463599302,
    "n_draw": 1558,
    "n_total": 6868,
    "draw_rate": 0.22684915550378568,
    "draw_prob_mean": 0.23969142183739658,
    "draw_prob_when_draw": 0.2548344615123512,
    "draw_prob_when_not_draw_": 0.2352483228141237,
    "approach": "baseline_elo_poisson"
  },
  "approach_1_separate": {
    "draw_hit_rate": 0.7355584082156611,
    "draw_precision": 0.2801955990220049,
    "draw_f1": 0.4058073654390935,
    "brier_score": 0.590538091254884,
    "accuracy": 0.4815084449621433,
    "n_draw": 1558,
    "n_total": 6868,
    "draw_rate": 0.22684915550378568,
    "draw_prob_mean": 0.4398499943953159,
    "draw_prob_when_draw": 0.4909361300845699,
    "draw_prob_when_not_draw_": 0.4248608796299943,
    "approach": "separate_draw_model"
  },
  "approach_2_ordinal": {
    "draw_hit_rate": 0.017329910141206675,
    "draw_precision": 0.34615384615384615,
    "draw_f1": 0.03300733496332518,
    "brier_score": 0.5097951744866159,
    "accuracy": 0.6074548631333722,
    "n_draw": 1558,
    "n_total": 6868,
    "draw_rate": 0.22684915550378568,
    "draw_prob_mean": 0.20430486217658417,
    "draw_prob_when_draw": 0.23214083122647822,
    "draw_prob_when_not_draw_": 0.19613754771712374,
    "approach": "ordinal_regression"
  },
  "approach_3_three_way": {
    "draw_hit_rate": 0.42811296534017973,
    "draw_precision": 0.29012614180078294,
    "draw_f1": 0.3458646616541354,
    "brier_score": 0.5370403697112198,
    "accuracy": 0.5559114735002912,
    "n_draw": 1558,
    "n_total": 6868,
    "draw_rate": 0.22684915550378568,
    "draw_prob_mean": 0.3426330217785846,
    "draw_prob_when_draw": 0.3815581495061642,
    "draw_prob_when_not_draw_": 0.3312120520988165,
    "approach": "three_way_separate"
  },
  "approach_4_boosted": {
    "draw_hit_rate": 0.0,
    "draw_precision": 0.0,
    "draw_f1": 0.0,
    "brier_score": 0.512342184274352,
    "accuracy": 0.6065812463599302,
    "n_draw": 1558,
    "n_total": 6868,
    "draw_rate": 0.22684915550378568,
    "draw_prob_mean": 0.23280794123862816,
    "draw_prob_when_draw": 0.24986687943916205,
    "draw_prob_when_not_draw_": 0.2278027009907126,
    "approach": "draw_boosted_ensemble"
  },
  "approach_5_threshold": {
    "draw_hit_rate": 0.6367137355584083,
    "draw_precision": 0.27927927927927926,
    "draw_f1": 0.3882583170254403,
    "brier_score": 0.569197692322711,
    "accuracy": 0.5055329062317997,
    "n_draw": 1558,
    "n_total": 6868,
    "draw_rate": 0.22684915550378568,
    "draw_prob_mean": 0.38847803791863433,
    "draw_prob_when_draw": 0.4462224774892162,
    "draw_prob_when_not_draw_": 0.3715353191143092,
    "approach": "threshold_optimization",
    "optimal_draw_threshold": 0.23000000000000007
  }
}