{
  "fifa_rank_diff_factor": {
    "composite_score": 0.85,
    "decision": "ACCEPTED_SHADOW",
    "reason": "综合得分=0.850, 方向稳定性=100.0%",
    "ic_abs": 0.47218361631940436,
    "icir": 8.231554103982438,
    "shap": 803.0,
    "direction_stability": 1.0,
    "brier_improvement": -0.0023954820508218905,
    "mi": 0.12389022966798315
  },
  "fifa_points_diff": {
    "composite_score": 0.7660083388987067,
    "decision": "ACCEPTED_SHADOW",
    "reason": "综合得分=0.766, 方向稳定性=100.0%",
    "ic_abs": 0.4612178271343485,
    "icir": 7.959190305190972,
    "shap": 514.0,
    "direction_stability": 1.0,
    "brier_improvement": 8.372764955119136e-05,
    "mi": 0.11667152138564267
  },
  "elo_diff": {
    "composite_score": 0.72750295581174,
    "decision": "ACCEPTED_SHADOW",
    "reason": "综合得分=0.728, 方向稳定性=100.0%",
    "ic_abs": 0.4718988998007374,
    "icir": 5.8965141096780425,
    "shap": 541.0,
    "direction_stability": 1.0,
    "brier_improvement": 0.0,
    "mi": 0.12462183203297442
  },
  "defense_strength": {
    "composite_score": 0.6371936394600736,
    "decision": "ACCEPTED_SHADOW",
    "reason": "综合得分=0.637, 方向稳定性=100.0%",
    "ic_abs": 0.32922036233992863,
    "icir": 6.606858520882712,
    "shap": 474.0,
    "direction_stability": 1.0,
    "brier_improvement": -0.00017269099459912973,
    "mi": 0.06027011881526996
  },
  "knockout_experience": {
    "composite_score": 0.6278159010180657,
    "decision": "ACCEPTED_SHADOW",
    "reason": "综合得分=0.628, 方向稳定性=100.0%",
    "ic_abs": 0.40222187055489217,
    "icir": 5.4507118955089595,
    "shap": 323.0,
    "direction_stability": 1.0,
    "brier_improvement": 0.00043285003856225894,
    "mi": 0.08878229465368752
  },
  "home_away_neutral_form": {
    "composite_score": 0.6249089094673381,
    "decision": "ACCEPTED_SHADOW",
    "reason": "综合得分=0.625, 方向稳定性=100.0%",
    "ic_abs": 0.33469799703505665,
    "icir": 6.360939157814584,
    "shap": 423.0,
    "direction_stability": 1.0,
    "brier_improvement": 0.00012788944041647573,
    "mi": 0.059913748301647356
  },
  "tournament_experience": {
    "composite_score": 0.6046933902316025,
    "decision": "ACCEPTED_SHADOW",
    "reason": "综合得分=0.605, 方向稳定性=100.0%",
    "ic_abs": 0.39866123393930386,
    "icir": 5.260582938387698,
    "shap": 257.0,
    "direction_stability": 1.0,
    "brier_improvement": 0.0004450586997523706,
    "mi": 0.08659512929613
  },
  "h2h_last_5": {
    "composite_score": 0.5890535285263692,
    "decision": "ACCEPTED_SHADOW",
    "reason": "综合得分=0.589, 方向稳定性=100.0%",
    "ic_abs": 0.35571426565142567,
    "icir": 5.669970055634695,
    "shap": 292.0,
    "direction_stability": 1.0,
    "brier_improvement": 0.00014294248578518946,
    "mi": 0.06767926574112787
  },
  "recent_goals_conceded_5": {
    "composite_score": 0.5815306868754699,
    "decision": "ACCEPTED_SHADOW",
    "reason": "综合得分=0.582, 方向稳定性=100.0%",
    "ic_abs": 0.28512907356835165,
    "icir": 4.897604185994162,
    "shap": 380.0,
    "direction_stability": 1.0,
    "brier_improvement": 0.0016125751499086623,
    "mi": 0.04537476344029458
  },
  "recent_form_10": {
    "composite_score": 0.5716847673392708,
    "decision": "ACCEPTED_SHADOW",
    "reason": "综合得分=0.572, 方向稳定性=100.0%",
    "ic_abs": 0.33518946217673606,
    "icir": 6.05173493007419,
    "shap": 251.0,
    "direction_stability": 1.0,
    "brier_improvement": -0.0006110126000745861,
    "mi": 0.0607120049265919
  },
  "recent_goal_diff_5": {
    "composite_score": 0.5704190307471861,
    "decision": "ACCEPTED_SHADOW",
    "reason": "综合得分=0.570, 方向稳定性=100.0%",
    "ic_abs": 0.3250498251858209,
    "icir": 5.228102169849354,
    "shap": 317.0,
    "direction_stability": 1.0,
    "brier_improvement": 0.00037361829477970795,
    "mi": 0.05680556472708143
  },
  "recent_form_5_opp_adjusted": {
    "composite_score": 0.5350080220126338,
    "decision": "ACCEPTED_SHADOW",
    "reason": "综合得分=0.535, 方向稳定性=100.0%",
    "ic_abs": 0.29052724515287304,
    "icir": 4.825989701310841,
    "shap": 337.0,
    "direction_stability": 1.0,
    "brier_improvement": -0.0009121233043927338,
    "mi": 0.044289152838879735
  },
  "attack_strength": {
    "composite_score": 0.5220944698422639,
    "decision": "ACCEPTED_SHADOW",
    "reason": "综合得分=0.522, 方向稳定性=100.0%",
    "ic_abs": 0.2796746596540489,
    "icir": 4.462601709763972,
    "shap": 343.0,
    "direction_stability": 1.0,
    "brier_improvement": 5.683413803316414e-05,
    "mi": 0.041314869476180016
  },
  "host_advantage": {
    "composite_score": 0.47983282065357824,
    "decision": "ACCEPTED_SHADOW",
    "reason": "综合得分=0.480, 方向稳定性=100.0%",
    "ic_abs": 0.09449839111156456,
    "icir": 2.772683066715666,
    "shap": 215.0,
    "direction_stability": 1.0,
    "brier_improvement": 0.006458138816379054,
    "mi": 0.0
  },
  "recent_form_5": {
    "composite_score": 0.46613433703331764,
    "decision": "ACCEPTED_SHADOW",
    "reason": "综合得分=0.466, 方向稳定性=100.0%",
    "ic_abs": 0.2901868989090392,
    "icir": 4.792145551666389,
    "shap": 66.0,
    "direction_stability": 1.0,
    "brier_improvement": -0.0009382592560325807,
    "mi": 0.044619582146893176
  },
  "recent_goals_scored_5": {
    "composite_score": 0.4497572534741665,
    "decision": "ACCEPTED_SHADOW",
    "reason": "综合得分=0.450, 方向稳定性=100.0%",
    "ic_abs": 0.24562235321964218,
    "icir": 3.667866190067067,
    "shap": 223.0,
    "direction_stability": 1.0,
    "brier_improvement": -0.00014591074930421917,
    "mi": 0.0312724935921992
  },
  "comeback_rate_home": {
    "composite_score": 0.442809848466974,
    "decision": "ACCEPTED_SHADOW",
    "reason": "综合得分=0.443, 方向稳定性=96.2%",
    "ic_abs": 0.18635411478347208,
    "icir": 2.7526124492651785,
    "shap": 412.0,
    "direction_stability": 0.9615384615384616,
    "brier_improvement": 0.0004937183928730104,
    "mi": 0.019991297928694383
  },
  "scoring_consistency": {
    "composite_score": 0.4304631653809378,
    "decision": "ACCEPTED_SHADOW",
    "reason": "综合得分=0.430, 方向稳定性=100.0%",
    "ic_abs": 0.17941184198566199,
    "icir": 2.7547029185565233,
    "shap": 384.0,
    "direction_stability": 1.0,
    "brier_improvement": 0.00020353104210735055,
    "mi": 0.017632583872033883
  },
  "clean_sheet_rate_home": {
    "composite_score": 0.3829977489454372,
    "decision": "NEEDS_MORE_DATA",
    "reason": "综合得分=0.383, 证据不足",
    "ic_abs": 0.16339368642173538,
    "icir": 3.6992148560120515,
    "shap": 125.0,
    "direction_stability": 1.0,
    "brier_improvement": 0.0004020390428119049,
    "mi": 0.015553838794080885
  },
  "tournament_draw_rate": {
    "composite_score": 0.3652892937187668,
    "decision": "NEEDS_MORE_DATA",
    "reason": "综合得分=0.365, 证据不足",
    "ic_abs": 0.06393659758304616,
    "icir": 1.5196137576741378,
    "shap": 463.0,
    "direction_stability": 0.9615384615384616,
    "brier_improvement": 0.001250401361713828,
    "mi": 0.006290554412822502
  },
  "rest_days": {
    "composite_score": 0.33702253455380077,
    "decision": "NEEDS_MORE_DATA",
    "reason": "综合得分=0.337, 证据不足",
    "ic_abs": 0.07134421442186503,
    "icir": 2.17398976022416,
    "shap": 335.0,
    "direction_stability": 1.0,
    "brier_improvement": 0.00027697945375716927,
    "mi": 0.003321354828928813
  },
  "win_streak_away": {
    "composite_score": 0.33510890012813177,
    "decision": "NEEDS_MORE_DATA",
    "reason": "综合得分=0.335, 证据不足",
    "ic_abs": 0.12491718215554855,
    "icir": 3.8105737501207364,
    "shap": 58.0,
    "direction_stability": 1.0,
    "brier_improvement": -0.00016084649995049826,
    "mi": 0.005488142981460276
  },
  "unbeaten_streak_home": {
    "composite_score": 0.33358434781681,
    "decision": "NEEDS_MORE_DATA",
    "reason": "综合得分=0.334, 证据不足",
    "ic_abs": 0.14420285004345298,
    "icir": 2.985140674167523,
    "shap": 83.0,
    "direction_stability": 1.0,
    "brier_improvement": -0.00011281431334256741,
    "mi": 0.00946713289948821
  },
  "official_vs_friendly": {
    "composite_score": 0.324880369220673,